{"name":"b76ae7ac-8444-4317-bb06-0e2150ccc7b5","id":"/providers/Microsoft.Flow/flows/b76ae7ac-8444-4317-bb06-0e2150ccc7b5","type":"Microsoft.Flow/flows","properties":{"apiId":"/providers/Microsoft.PowerApps/apis/shared_logicflows","displayName":"Request a team manual","definition":{"metadata":{"workflowEntityId":null,"flowclientsuspensionreason":"None","flowclientsuspensiontime":null,"creator":{"id":"5601cce7-6df2-4697-83d2-6aff3ef7c364","type":"User","tenantId":"2df36813-d65f-43fb-82f1-46a5f996f82b"},"provisioningMethod":"FromDefinition","failureAlertSubscription":true,"clientLastModifiedTime":"2020-12-30T05:09:35.8489716Z"},"$schema":"https://schema.management.azure.com/providers/Microsoft.Logic/schemas/2016-06-01/workflowdefinition.json#","contentVersion":"1.0.0.0","parameters":{"$connections":{"defaultValue":{},"type":"Object"},"$authentication":{"defaultValue":{},"type":"SecureObject"}},"triggers":{"When_a_new_response_is_submitted":{"splitOn":"@triggerOutputs()?['body/value']","type":"OpenApiConnectionWebhook","inputs":{"host":{"apiId":"/providers/Microsoft.PowerApps/apis/shared_microsoftforms","connectionName":"shared_microsoftforms","operationId":"CreateFormWebhook"},"parameters":{"form_id":"E2jzLV_W-0OC8Ual-Zb4K-fMAVbybZdGg9Jq_z73w2RUREJXSzFFSVhMOUVYSTFUODZPR1ZKMEwzSS4u"},"authentication":"@parameters('$authentication')"}}},"actions":{"Create_item":{"runAfter":{"Get_user_profile_(V2)":["Succeeded"]},"type":"OpenApiConnection","inputs":{"host":{"apiId":"/providers/Microsoft.PowerApps/apis/shared_sharepointonline","connectionName":"shared_sharepointonline","operationId":"PostItem"},"parameters":{"dataset":"https://m365edu794336.sharepoint.com/sites/Requestateammanual","table":"b0926ee2-ac91-4ff1-a462-1c3147074657","item/Title":"@outputs('Get_response_details')?['body/rfe0755288769430d9ff0e61c88451cee']","item/M_x00f4_t_x1ea3__x002f_m_x1ee5_c":"@outputs('Get_response_details')?['body/ra072ac46f7d4454b85bcc8b7220d2958']","item/Lo_x1ea1_inh_x00f3_m/Value":"@outputs('Get_response_details')?['body/r4790484c1c1c4ab7b12402373bf43bd1']","item/Tr_x1ea1_ngth_x00e1_i/Value":"Kiểm duyệt","item/Ng_x00e0_yy_x00ea_uc_x1ea7_u":"@outputs('Get_response_details')?['body/submitDate']"},"authentication":"@parameters('$authentication')"}},"Get_response_details":{"runAfter":{},"type":"OpenApiConnection","inputs":{"host":{"apiId":"/providers/Microsoft.PowerApps/apis/shared_microsoftforms","connectionName":"shared_microsoftforms","operationId":"GetFormResponseById"},"parameters":{"form_id":"E2jzLV_W-0OC8Ual-Zb4K-fMAVbybZdGg9Jq_z73w2RUREJXSzFFSVhMOUVYSTFUODZPR1ZKMEwzSS4u","response_id":"@triggerOutputs()?['body/resourceData/responseId']"},"authentication":"@parameters('$authentication')"}},"Create_an_approval":{"runAfter":{"Create_item":["Succeeded"]},"type":"OpenApiConnection","inputs":{"host":{"apiId":"/providers/Microsoft.PowerApps/apis/shared_approvals","connectionName":"shared_approvals","operationId":"CreateAnApproval"},"parameters":{"approvalType":"Basic","ApprovalCreationInput/title":"Yêu cầu phê duyệt tạo nhóm - @{outputs('Get_response_details')?['body/rfe0755288769430d9ff0e61c88451cee']}","ApprovalCreationInput/assignedTo":"admin@M365EDU794336.onmicrosoft.com;","ApprovalCreationInput/details":"Người yêu cầu: @{outputs('Get_response_details')?['body/responder']}\nTên nhóm: @{outputs('Get_response_details')?['body/rfe0755288769430d9ff0e61c88451cee']}\nMô tả/mục đích: @{outputs('Get_response_details')?['body/ra072ac46f7d4454b85bcc8b7220d2958']}\nLoại nhóm: @{outputs('Get_response_details')?['body/r4790484c1c1c4ab7b12402373bf43bd1']}","ApprovalCreationInput/enableNotifications":true,"ApprovalCreationInput/enableReassignment":true},"authentication":"@parameters('$authentication')"}},"Condition":{"actions":{"Condition_3":{"actions":{"Create_a_team":{"runAfter":{},"type":"OpenApiConnection","inputs":{"host":{"apiId":"/providers/Microsoft.PowerApps/apis/shared_teams","connectionName":"shared_teams","operationId":"CreateATeam"},"parameters":{"body/displayName":"@outputs('Get_response_details')?['body/rfe0755288769430d9ff0e61c88451cee']","body/description":"@outputs('Get_response_details')?['body/ra072ac46f7d4454b85bcc8b7220d2958']","body/visibility":"Public"},"authentication":"@parameters('$authentication')"}},"Add_a_member_to_a_team":{"runAfter":{"Create_a_team":["Succeeded"]},"type":"OpenApiConnection","inputs":{"host":{"apiId":"/providers/Microsoft.PowerApps/apis/shared_teams","connectionName":"shared_teams","operationId":"AddMemberToTeam"},"parameters":{"teamId":"@outputs('Create_a_team')?['body/newTeamId']","body/userId":"@outputs('Get_user_profile_(V2)')?['body/id']","body/owner":true},"authentication":"@parameters('$authentication')"}}},"runAfter":{},"else":{"actions":{"Create_a_team_2":{"runAfter":{},"type":"OpenApiConnection","inputs":{"host":{"apiId":"/providers/Microsoft.PowerApps/apis/shared_teams","connectionName":"shared_teams","operationId":"CreateATeam"},"parameters":{"body/displayName":"@outputs('Get_response_details')?['body/rfe0755288769430d9ff0e61c88451cee']","body/description":"@outputs('Get_response_details')?['body/ra072ac46f7d4454b85bcc8b7220d2958']","body/visibility":"Private"},"authentication":"@parameters('$authentication')"}},"Add_a_member_to_a_team_2":{"runAfter":{"Create_a_team_2":["Succeeded"]},"type":"OpenApiConnection","inputs":{"host":{"apiId":"/providers/Microsoft.PowerApps/apis/shared_teams","connectionName":"shared_teams","operationId":"AddMemberToTeam"},"parameters":{"teamId":"@outputs('Create_a_team_2')?['body/newTeamId']","body/userId":"@outputs('Get_user_profile_(V2)')?['body/id']","body/owner":true},"authentication":"@parameters('$authentication')"}}}},"expression":{"equals":["@variables('isVisibility')","Public"]},"type":"If"},"Apply_to_each":{"foreach":"@outputs('Wait_for_an_approval')?['body/responses']","actions":{"Update_item":{"runAfter":{},"type":"OpenApiConnection","inputs":{"host":{"apiId":"/providers/Microsoft.PowerApps/apis/shared_sharepointonline","connectionName":"shared_sharepointonline","operationId":"PatchItem"},"parameters":{"dataset":"https://m365edu794336.sharepoint.com/sites/Requestateammanual","table":"b0926ee2-ac91-4ff1-a462-1c3147074657","id":"@outputs('Create_item')?['body/ID']","item/Title":"@outputs('Create_item')?['body/Title']","item/Tr_x1ea1_ngth_x00e1_i/Value":"Đồng ý","item/Comment":"@items('Apply_to_each')?['comments']","item/Ng_x00e0_yph_x00ea_duy_x1ec7_t":"@utcNow()"},"authentication":"@parameters('$authentication')"}},"Post_a_message_as_the_Flow_bot_to_a_user":{"runAfter":{"Update_item":["Succeeded"]},"type":"OpenApiConnection","inputs":{"host":{"apiId":"/providers/Microsoft.PowerApps/apis/shared_teams","connectionName":"shared_teams","operationId":"PostUserNotification"},"parameters":{"PostNotificationRequest/recipient/to":"@{outputs('Get_response_details')?['body/responder']};","PostNotificationRequest/messageBody":"Yêu cầu tạo nhóm: @{outputs('Get_response_details')?['body/rfe0755288769430d9ff0e61c88451cee']} đã được duyệt.\nGhi chú: @{items('Apply_to_each')?['comments']}","PostNotificationRequest/messageTitle":"Phê duyệt tạo nhóm"},"authentication":"@parameters('$authentication')"}}},"runAfter":{"Condition_3":["Succeeded"]},"type":"Foreach"}},"runAfter":{"Wait_for_an_approval":["Succeeded"]},"else":{"actions":{"Apply_to_each_2":{"foreach":"@outputs('Wait_for_an_approval')?['body/responses']","actions":{"Update_item_2":{"runAfter":{},"type":"OpenApiConnection","inputs":{"host":{"apiId":"/providers/Microsoft.PowerApps/apis/shared_sharepointonline","connectionName":"shared_sharepointonline","operationId":"PatchItem"},"parameters":{"dataset":"https://m365edu794336.sharepoint.com/sites/Requestateammanual","table":"b0926ee2-ac91-4ff1-a462-1c3147074657","id":"@outputs('Create_item')?['body/ID']","item/Title":"@outputs('Create_item')?['body/Title']","item/Tr_x1ea1_ngth_x00e1_i/Value":"Từ chối","item/Comment":"@items('Apply_to_each_2')?['comments']","item/Ng_x00e0_yph_x00ea_duy_x1ec7_t":"@utcNow()"},"authentication":"@parameters('$authentication')"}},"Post_a_message_as_the_Flow_bot_to_a_user_2":{"runAfter":{"Update_item_2":["Succeeded"]},"type":"OpenApiConnection","inputs":{"host":{"apiId":"/providers/Microsoft.PowerApps/apis/shared_teams","connectionName":"shared_teams","operationId":"PostUserNotification"},"parameters":{"PostNotificationRequest/recipient/to":"@{outputs('Get_response_details')?['body/responder']};","PostNotificationRequest/messageBody":"Yêu cầu tạo nhóm: @{outputs('Get_response_details')?['body/rfe0755288769430d9ff0e61c88451cee']} đã bị huỷ.\nGhi chú: @{items('Apply_to_each_2')?['comments']}","PostNotificationRequest/messageTitle":"Huỷ tạo nhóm"},"authentication":"@parameters('$authentication')"}}},"runAfter":{},"type":"Foreach"}}},"expression":{"equals":["@outputs('Wait_for_an_approval')?['body/outcome']","Approve"]},"type":"If"},"Post_your_own_adaptive_card_as_the_Flow_bot_to_a_channel":{"runAfter":{"Create_an_approval":["Succeeded"]},"type":"OpenApiConnection","inputs":{"host":{"apiId":"/providers/Microsoft.PowerApps/apis/shared_teams","connectionName":"shared_teams","operationId":"PostChannelAdaptiveCard"},"parameters":{"groupId":"d160301f-4d6b-414d-90fc-ff7333dccb94","PostAdaptiveCardRequest/recipient/channelId":"19:833312b3b007484dbb12bb8cd3254fbf@thread.tacv2","PostAdaptiveCardRequest/messageBody":"@outputs('Create_an_approval')?['body/adaptiveCard']","PostAdaptiveCardRequest/messageTitle":"Yêu cầu phê duyệt tạo nhóm - @{outputs('Get_response_details')?['body/rfe0755288769430d9ff0e61c88451cee']}"},"authentication":"@parameters('$authentication')"}},"Wait_for_an_approval":{"runAfter":{"Post_your_own_adaptive_card_as_the_Flow_bot_to_a_channel":["Succeeded"]},"type":"OpenApiConnectionWebhook","inputs":{"host":{"apiId":"/providers/Microsoft.PowerApps/apis/shared_approvals","connectionName":"shared_approvals","operationId":"WaitForAnApproval"},"parameters":{"approvalName":"@outputs('Create_an_approval')?['body/name']"},"authentication":"@parameters('$authentication')"}},"Initialize_variable":{"runAfter":{"Get_response_details":["Succeeded"]},"type":"InitializeVariable","inputs":{"variables":[{"name":"isVisibility","type":"string"}]}},"Condition_2":{"actions":{"Set_variable":{"runAfter":{},"type":"SetVariable","inputs":{"name":"isVisibility","value":"Public"}}},"runAfter":{"Initialize_variable":["Succeeded"]},"else":{"actions":{"Set_variable_2":{"runAfter":{},"type":"SetVariable","inputs":{"name":"isVisibility","value":"Private"}}}},"expression":{"equals":["@outputs('Get_response_details')?['body/r4790484c1c1c4ab7b12402373bf43bd1']","Công cộng/Public"]},"type":"If"},"Get_user_profile_(V2)":{"runAfter":{"Condition_2":["Succeeded"]},"type":"OpenApiConnection","inputs":{"host":{"apiId":"/providers/Microsoft.PowerApps/apis/shared_office365users","connectionName":"shared_office365users","operationId":"UserProfile_V2"},"parameters":{"id":"@outputs('Get_response_details')?['body/responder']"},"authentication":"@parameters('$authentication')"}}},"outputs":{}},"connectionReferences":{"shared_sharepointonline":{"connectionName":"a9a4577019b3426fb8544543b7a2ea70","source":"Embedded","id":"/providers/Microsoft.PowerApps/apis/shared_sharepointonline","tier":"NotSpecified"},"shared_microsoftforms":{"connectionName":"shared-microsoftform-81e615d9-fbbd-41ae-9f21-45a7-408a6329","source":"Embedded","id":"/providers/Microsoft.PowerApps/apis/shared_microsoftforms","tier":"NotSpecified"},"shared_approvals":{"connectionName":"shared-approvals-a2c25a03-34ca-4837-9b98-ae79-bab69513","source":"Embedded","id":"/providers/Microsoft.PowerApps/apis/shared_approvals","tier":"NotSpecified"},"shared_teams":{"connectionName":"ccce7766006242c48902b5c78f94a744","source":"Embedded","id":"/providers/Microsoft.PowerApps/apis/shared_teams","tier":"NotSpecified"},"shared_office365users":{"connectionName":"2346db433a494492bcaa7825f918055a","source":"Embedded","id":"/providers/Microsoft.PowerApps/apis/shared_office365users","tier":"NotSpecified"}},"flowFailureAlertSubscribed":false}}